,Ch-Hubei,Italy,Iran,"Korea, South",Spain,Germany,France,US,Switzerland,Ch-Guangdong,Ch-Henan,Ch-Zhejiang,Norway,United Kingdom,Netherlands,Sweden,Ch-Hunan,Ch-Anhui,Ch-Jiangxi,Belgium,Denmark,Austria,Japan,Ch-Shandong,Cruise Ship,Ch-Jiangsu,Ch-Chongqing,Ch-Sichuan,Ch-Heilongjiang,Ch-Beijing,Malaysia,Qatar,Ch-Shanghai,Greece,Ch-Hebei,Australia,Ch-Fujian,Czechia,Ch-Guangxi,Canada,Israel,Ch-Shaanxi,Portugal,Finland,Singapore,Slovenia,Bahrain,Ch-Yunnan,Iceland,Estonia,Ch-Hainan,Brazil,Ch-Guizhou,Ch-Hong Kong,Philippines,Ch-Tianjin,Ch-Gansu,Ch-Shanxi,Romania,Ireland,Ch-Liaoning,Poland,Indonesia,Iraq,Thailand,India,Kuwait,Egypt,Lebanon,Saudi Arabia,San Marino,United Arab Emirates,Ch-Jilin,Ch-Xinjiang,Ch-Ningxia,Ch-Inner Mongolia,Chile,Russia,Luxembourg,Taiwan*,Vietnam,Slovakia,Pakistan,Bulgaria,South Africa,Brunei,Croatia,Algeria,Serbia,Argentina,Panama,Peru,Albania,Mexico,Colombia,Georgia,Hungary,Latvia,Ecuador,Morocco,Belarus,Costa Rica,Armenia,Cyprus,Bosnia and Herzegovina,Senegal,Azerbaijan,Moldova,Oman,Malta,Tunisia,Ch-Qinghai,Sri Lanka,Afghanistan,North Macedonia,Maldives,Lithuania,Dominican Republic,Bolivia,Venezuela,Ch-Macau,Jamaica,Kazakhstan,Martinique,Jordan,New Zealand,Cambodia,Reunion,Ghana,Turkey,Paraguay,Bangladesh,Cuba,Liechtenstein,Guyana,Uruguay,Guadeloupe,Honduras,Burkina Faso,Ukraine,Kenya,Saint Lucia,Cameroon,Aruba,Seychelles,Trinidad and Tobago,Congo (Kinshasa),Nigeria,Namibia,Monaco,Jersey,Kosovo,Sudan,Uzbekistan,Suriname,Togo,Guernsey,Saint Vincent and the Grenadines,Rwanda,Andorra,Antigua and Barbuda,Bhutan,Cayman Islands,Central African Republic,Ch-Tibet,Congo (Brazzaville),Cote d'Ivoire,Curacao,Equatorial Guinea,Eswatini,Ethiopia,Gabon,Guatemala,Guinea,Holy See,Mauritania,Mongolia,Nepal,occupied Palestinian territory
1/22/20,444,0,0,1,0,0,0,1,0,26,5,10,0,0,0,0,4,1,2,0,0,0,2,2,0,1,6,5,0,14,0,0,9,0,1,0,1,0,2,0,0,0,0,0,0,0,0,1,0,0,4,0,1,0,0,4,0,1,0,0,2,0,0,0,2,0,0,0,0,0,0,0,0,0,1,0,0,0,0,1,0,0,0,0,0,0,0,0,0,0,0,0,0,0,0,0,0,0,0,0,0,0,0,0,0,0,0,0,0,0,0,0,0,0,0,0,0,0,0,0,1,0,0,0,0,0,0,0,0,0,0,0,0,0,0,0,0,0,0,0,0,0,0,0,0,0,0,0,0,0,0,0,0,0,0,0,0,0,0,0,0,0,0,0,0,0,0,0,0,0,0,0,0,0,0,0,0,0,0
1/23/20,444,0,0,1,0,0,0,1,0,32,5,27,0,0,0,0,9,9,7,0,0,0,1,6,0,5,9,8,2,22,0,0,16,0,1,0,5,0,5,0,0,3,0,0,1,0,0,2,0,0,5,0,3,2,0,4,2,1,0,0,3,0,0,0,3,0,0,0,0,0,0,0,1,2,1,0,0,0,0,1,2,0,0,0,0,0,0,0,0,0,0,0,0,0,0,0,0,0,0,0,0,0,0,0,0,0,0,0,0,0,0,0,0,0,0,0,0,0,0,0,2,0,0,0,0,0,0,0,0,0,0,0,0,0,0,0,0,0,0,0,0,0,0,0,0,0,0,0,0,0,0,0,0,0,0,0,0,0,0,0,0,0,0,0,0,0,0,0,0,0,0,0,0,0,0,0,0,0,0
1/24/20,549,0,0,2,0,0,2,2,0,53,9,43,0,0,0,0,24,15,18,0,0,0,2,15,0,9,27,15,4,36,0,0,20,0,2,0,10,0,23,0,0,5,0,0,3,0,0,5,0,0,8,0,3,2,0,8,2,1,0,0,4,0,0,0,5,0,0,0,0,0,0,0,3,2,2,1,0,0,0,3,2,0,0,0,0,0,0,0,0,0,0,0,0,0,0,0,0,0,0,0,0,0,0,0,0,0,0,0,0,0,0,0,0,0,0,0,0,0,0,0,2,0,0,0,0,0,0,0,0,0,0,0,0,0,0,0,0,0,0,0,0,0,0,0,0,0,0,0,0,0,0,0,0,0,0,0,0,0,0,0,0,0,0,0,0,0,0,0,0,0,0,0,0,0,0,0,0,0,0
1/25/20,761,0,0,2,0,0,3,2,0,78,32,62,0,0,0,0,43,39,18,0,0,0,2,27,0,18,57,28,9,41,3,0,33,0,8,0,18,0,23,0,0,15,0,0,3,0,0,11,0,0,19,0,4,5,0,10,4,6,0,0,17,0,0,0,7,0,0,0,0,0,0,0,4,3,3,7,0,0,0,3,2,0,0,0,0,0,0,0,0,0,0,0,0,0,0,0,0,0,0,0,0,0,0,0,0,0,0,0,0,0,0,1,0,0,0,0,0,0,0,0,2,0,0,0,0,0,0,0,0,0,0,0,0,0,0,0,0,0,0,0,0,0,0,0,0,0,0,0,0,0,0,0,0,0,0,0,0,0,0,0,0,0,0,0,0,0,0,0,0,0,0,0,0,0,0,0,0,1,0
1/26/20,1058,0,0,3,0,0,3,5,0,111,83,104,0,0,0,0,69,60,36,0,0,0,4,46,0,33,75,44,15,68,4,0,40,0,13,4,35,0,36,1,0,22,0,0,4,0,0,16,0,0,22,0,5,8,0,14,7,9,0,0,21,0,0,0,8,0,0,0,0,0,0,0,4,4,4,7,0,0,0,4,2,0,0,0,0,0,0,0,0,0,0,0,0,0,0,0,0,0,0,0,0,0,0,0,0,0,0,0,0,0,0,1,0,0,0,0,0,0,0,0,5,0,0,0,0,0,0,0,0,0,0,0,0,0,0,0,0,0,0,0,0,0,0,0,0,0,0,0,0,0,0,0,0,0,0,0,0,0,0,0,0,0,0,0,0,0,0,0,0,0,0,0,0,0,0,0,0,1,0
1/27/20,1423,0,0,4,0,1,3,5,0,151,128,128,0,0,0,0,100,70,72,0,0,0,4,75,0,47,110,69,21,80,4,0,53,0,18,5,59,0,46,1,0,35,0,0,5,0,0,26,0,0,33,0,7,8,0,23,14,13,0,0,27,0,0,0,8,0,0,0,0,0,0,0,6,5,7,11,0,0,0,5,2,0,0,0,0,0,0,0,0,0,0,0,0,0,0,0,0,0,0,0,0,0,0,0,0,0,0,0,0,0,0,6,1,0,0,0,0,0,0,0,6,0,0,0,0,0,1,0,0,0,0,0,0,0,0,0,0,0,0,0,0,0,0,0,0,0,0,0,0,0,0,0,0,0,0,0,0,0,0,0,0,0,0,0,0,0,0,0,0,0,0,0,0,0,0,0,0,1,0
1/28/20,3554,0,0,4,0,4,4,5,0,207,168,173,0,0,0,0,143,106,109,0,0,0,7,95,0,70,132,90,33,91,4,0,66,0,33,5,80,0,51,2,0,46,0,0,7,0,0,44,0,0,40,0,9,8,0,24,19,27,0,0,34,0,0,0,14,0,0,0,0,0,0,0,8,10,11,15,0,0,0,8,2,0,0,0,0,0,0,0,0,0,0,0,0,0,0,0,0,0,0,0,0,0,0,0,0,0,0,0,0,0,0,6,1,0,0,0,0,0,0,0,7,0,0,0,0,0,1,0,0,0,0,0,0,0,0,0,0,0,0,0,0,0,0,0,0,0,0,0,0,0,0,0,0,0,0,0,0,0,0,0,0,0,0,0,0,0,0,0,0,0,0,0,0,0,0,0,0,1,0
1/29/20,3554,0,0,4,0,4,5,5,0,277,206,296,0,0,0,0,221,152,109,0,0,0,7,130,0,99,147,108,38,111,7,0,96,0,48,6,84,0,58,2,0,56,0,1,7,0,0,55,0,0,43,0,9,10,0,27,24,27,0,0,39,0,0,0,14,0,0,0,0,0,0,4,9,13,12,16,0,0,0,8,2,0,0,0,0,0,0,0,0,0,0,0,0,0,0,0,0,0,0,0,0,0,0,0,0,0,0,0,0,0,0,6,1,0,0,0,0,0,0,0,7,0,0,0,0,0,1,0,0,0,0,0,0,0,0,0,0,0,0,0,0,0,0,0,0,0,0,0,0,0,0,0,0,0,0,0,0,0,0,0,0,0,0,0,0,0,0,0,0,0,0,0,0,0,0,0,0,1,0
1/30/20,4903,0,0,4,0,4,5,5,0,354,278,428,0,0,0,0,277,200,162,0,0,0,11,158,0,129,182,142,44,114,8,0,112,0,65,9,101,0,78,2,0,63,0,1,10,0,0,70,0,0,46,0,12,10,1,31,26,35,0,0,41,0,0,0,14,1,0,0,0,0,0,4,14,14,17,19,0,0,0,9,2,0,0,0,0,0,0,0,0,0,0,0,0,0,0,0,0,0,0,0,0,0,0,0,0,0,0,0,0,0,0,8,1,0,0,0,0,0,0,0,7,0,0,0,0,0,1,0,0,0,0,0,0,0,0,0,0,0,0,0,0,0,0,0,0,0,0,0,0,0,0,0,0,0,0,0,0,0,0,0,0,0,0,0,1,0,0,0,0,0,0,0,0,0,0,0,0,1,0
1/31/20,5806,2,0,11,0,5,5,7,0,436,352,538,0,2,0,1,332,237,240,0,0,0,15,184,0,168,211,177,59,139,8,0,135,0,82,9,120,0,87,4,0,87,0,1,13,0,0,83,0,0,52,0,29,12,1,32,29,39,0,0,48,0,0,0,19,1,0,0,0,0,0,4,14,17,21,20,0,2,0,10,2,0,0,0,0,0,0,0,0,0,0,0,0,0,0,0,0,0,0,0,0,0,0,0,0,0,0,0,0,0,0,8,1,0,0,0,0,0,0,0,7,0,0,0,0,0,1,0,0,0,0,0,0,0,0,0,0,0,0,0,0,0,0,0,0,0,0,0,0,0,0,0,0,0,0,0,0,0,0,0,0,0,0,0,1,0,0,0,0,0,0,0,0,0,0,0,0,1,0
2/1/20,7153,2,0,12,1,8,6,8,0,535,422,599,0,2,0,1,389,297,286,0,0,0,20,206,0,202,247,207,80,168,8,0,169,0,96,12,144,0,100,4,0,101,0,1,16,0,0,93,0,0,62,0,29,13,1,41,40,47,0,0,64,0,0,0,19,1,0,0,0,0,0,4,17,18,26,23,0,2,0,10,6,0,0,0,0,0,0,0,0,0,0,0,0,0,0,0,0,0,0,0,0,0,0,0,0,0,0,0,0,0,0,9,1,0,0,0,0,0,0,0,7,0,0,0,0,0,1,0,0,0,0,0,0,0,0,0,0,0,0,0,0,0,0,0,0,0,0,0,0,0,0,0,0,0,0,0,0,0,0,0,0,0,0,0,1,0,0,0,0,0,0,0,0,0,0,0,0,1,0
2/2/20,11177,2,0,15,1,10,6,8,0,632,493,661,0,2,0,1,463,340,333,0,0,0,20,230,0,236,300,231,95,191,8,0,182,0,104,12,159,0,111,4,0,116,0,1,18,0,0,105,0,0,64,0,38,15,2,48,51,66,0,0,70,0,0,0,19,2,0,0,0,0,0,5,23,21,28,27,0,2,0,10,6,0,0,0,0,0,0,0,0,0,0,0,0,0,0,0,0,0,0,0,0,0,0,0,0,0,0,0,0,0,0,11,1,0,0,0,0,0,0,0,8,0,0,0,0,0,1,0,0,0,0,0,0,0,0,0,0,0,0,0,0,0,0,0,0,0,0,0,0,0,0,0,0,0,0,0,0,0,0,0,0,0,0,0,1,0,0,0,0,0,0,0,0,0,0,0,0,1,0
2/3/20,13522,2,0,15,1,12,6,11,0,725,566,724,0,2,0,1,521,408,391,0,0,0,20,259,0,271,337,254,121,212,8,0,203,0,113,12,179,0,127,4,0,128,0,1,18,0,0,117,0,0,72,0,46,15,2,60,55,74,0,0,74,0,0,0,19,3,0,0,0,0,0,5,31,24,31,34,0,2,0,10,8,0,0,0,0,0,0,0,0,0,0,0,0,0,0,0,0,0,0,0,0,0,0,0,0,0,0,0,0,0,0,13,1,0,0,0,0,0,0,0,8,0,0,0,0,0,1,0,0,0,0,0,0,0,0,0,0,0,0,0,0,0,0,0,0,0,0,0,0,0,0,0,0,0,0,0,0,0,0,0,0,0,0,0,1,0,0,0,0,0,0,0,0,0,0,0,0,1,0
2/4/20,16678,2,0,16,1,12,6,11,0,813,675,829,0,2,0,1,593,480,476,1,0,0,22,275,0,308,366,282,155,228,10,0,219,0,126,13,194,0,139,4,0,142,0,1,24,0,0,122,0,0,80,0,58,17,2,67,57,81,0,0,81,0,0,0,25,3,0,0,0,0,0,5,42,29,34,35,0,2,0,11,8,0,0,0,0,0,0,0,0,0,0,0,0,0,0,0,0,0,0,0,0,0,0,0,0,0,0,0,0,0,0,15,1,0,0,0,0,0,0,0,10,0,0,0,0,0,1,0,0,0,0,0,0,0,0,0,0,0,0,0,0,0,0,0,0,0,0,0,0,0,0,0,0,0,0,0,0,0,0,0,0,0,0,0,1,0,0,0,0,0,0,0,0,0,0,0,0,1,0
2/5/20,19665,2,0,19,1,12,6,11,0,895,764,895,0,2,0,1,661,530,548,1,0,0,22,307,0,341,389,301,190,253,12,0,243,0,135,13,205,0,150,5,0,165,0,1,28,0,0,128,0,0,99,0,64,21,2,69,62,81,0,0,89,0,0,0,25,3,0,0,0,0,0,5,54,32,34,42,0,2,0,11,8,0,0,0,0,0,0,0,0,0,0,0,0,0,0,0,0,0,0,0,0,0,0,0,0,0,0,0,0,0,0,17,1,0,0,0,0,0,0,0,10,0,0,0,0,0,1,0,0,0,0,0,0,0,0,0,0,0,0,0,0,0,0,0,0,0,0,0,0,0,0,0,0,0,0,0,0,0,0,0,0,0,0,0,1,0,0,0,0,0,0,0,0,0,0,0,0,1,0
2/6/20,22112,2,0,23,1,12,6,11,0,970,851,954,0,2,0,1,711,591,600,1,0,0,45,347,0,373,411,321,227,274,12,0,257,0,157,14,215,0,168,5,0,173,0,1,28,0,0,133,0,0,106,0,71,24,2,79,62,96,0,0,94,0,0,0,25,3,0,0,0,0,0,5,59,36,40,46,0,2,0,16,10,0,0,0,0,0,0,0,0,0,0,0,0,0,0,0,0,0,0,0,0,0,0,0,0,0,0,0,0,0,0,18,1,0,0,0,0,0,0,0,10,0,0,0,0,0,1,0,0,0,0,0,0,0,0,0,0,0,0,0,0,0,0,0,0,0,0,0,0,0,0,0,0,0,0,0,0,0,0,0,0,0,0,0,1,0,0,0,0,0,0,0,0,0,0,0,0,1,0
2/7/20,24953,3,0,24,1,13,6,11,0,1034,914,1006,0,3,0,1,772,665,661,1,0,0,25,386,61,408,426,344,277,297,12,0,277,0,172,15,224,0,172,7,0,184,0,1,30,0,0,138,0,0,117,0,81,25,3,81,67,104,0,0,99,0,0,0,25,3,0,0,0,0,0,5,65,39,43,50,0,2,0,16,10,0,0,0,0,0,0,0,0,0,0,0,0,0,0,0,0,0,0,0,0,0,0,0,0,0,0,0,0,0,0,18,1,0,0,0,0,0,0,0,10,0,0,0,0,0,1,0,0,0,0,0,0,0,0,0,0,0,0,0,0,0,0,0,0,0,0,0,0,0,0,0,0,0,0,0,0,0,0,0,0,0,0,0,1,0,0,0,0,0,0,0,0,0,0,0,0,1,0
2/8/20,27100,3,0,24,1,13,11,11,0,1095,981,1048,0,3,0,1,803,733,698,1,0,0,25,416,61,439,428,364,295,315,16,0,286,0,195,15,239,0,183,7,0,195,0,1,33,0,0,138,0,0,124,0,89,26,3,88,79,115,0,0,105,0,0,0,32,3,0,0,0,0,0,7,69,42,45,52,0,2,0,17,13,0,0,0,0,0,0,0,0,0,0,0,0,0,0,0,0,0,0,0,0,0,0,0,0,0,0,0,0,0,0,18,1,0,0,0,0,0,0,0,10,0,0,0,0,0,1,0,0,0,0,0,0,0,0,0,0,0,0,0,0,0,0,0,0,0,0,0,0,0,0,0,0,0,0,0,0,0,0,0,0,0,0,0,1,0,0,0,0,0,0,0,0,0,0,0,0,1,0
2/9/20,29631,3,0,25,2,14,11,11,0,1131,1033,1075,0,3,0,1,838,779,740,1,0,0,26,444,64,468,468,386,307,326,16,0,293,0,206,15,250,0,195,7,0,208,0,1,40,0,0,141,0,0,131,0,99,29,3,91,83,119,0,0,107,0,0,0,32,3,0,0,0,0,0,7,78,45,45,54,0,2,0,18,13,0,0,0,0,0,0,0,0,0,0,0,0,0,0,0,0,0,0,0,0,0,0,0,0,0,0,0,0,0,0,18,1,0,0,0,0,0,0,0,10,0,0,0,0,0,1,0,0,0,0,0,0,0,0,0,0,0,0,0,0,0,0,0,0,0,0,0,0,0,0,0,0,0,0,0,0,0,0,0,0,0,0,0,1,0,0,0,0,0,0,0,0,0,0,0,0,1,0
2/10/20,31728,3,0,27,2,14,11,11,0,1159,1073,1092,0,8,0,1,879,830,771,1,0,0,26,466,135,492,486,405,331,337,18,0,299,0,218,15,261,0,210,7,0,213,0,1,45,0,0,149,0,0,138,0,109,38,3,95,83,119,0,0,108,0,0,0,32,3,0,0,0,0,0,8,80,49,49,58,0,2,0,18,14,0,0,0,0,0,0,0,0,0,0,0,0,0,0,0,0,0,0,0,0,0,0,0,0,0,0,0,0,0,0,18,1,0,0,0,0,0,0,0,10,0,0,0,0,0,1,0,0,0,0,0,0,0,0,0,0,0,0,0,0,0,0,0,0,0,0,0,0,0,0,0,0,0,0,0,0,0,0,0,0,0,0,0,1,0,0,0,0,0,0,0,0,0,0,0,0,1,0
2/11/20,33366,3,0,28,2,16,11,12,0,1177,1105,1117,0,8,0,1,912,860,804,1,0,0,26,487,135,515,505,417,360,342,18,0,303,0,239,15,267,0,215,7,0,219,0,1,47,0,0,153,0,0,144,0,127,49,3,106,86,124,0,0,111,0,0,0,33,3,0,0,0,0,0,8,81,55,53,58,0,2,0,18,15,0,0,0,0,0,0,0,0,0,0,0,0,0,0,0,0,0,0,0,0,0,0,0,0,0,0,0,0,0,0,18,1,0,0,0,0,0,0,0,10,0,0,0,0,0,1,0,0,0,0,0,0,0,0,0,0,0,0,0,0,0,0,0,0,0,0,0,0,0,0,0,0,0,0,0,0,0,0,0,0,0,0,0,1,0,0,0,0,0,0,0,0,0,0,0,0,1,0
2/12/20,33366,3,0,28,2,16,11,12,0,1219,1135,1131,0,9,0,1,946,889,844,1,0,0,28,497,175,543,518,436,378,352,18,0,311,0,251,15,272,0,222,7,0,225,0,1,50,0,0,154,0,0,157,0,133,50,3,112,87,126,0,0,116,0,0,0,33,3,0,0,0,0,0,8,83,59,58,60,0,2,0,18,15,0,0,0,0,0,0,0,0,0,0,0,0,0,0,0,0,0,0,0,0,0,0,0,0,0,0,0,0,0,0,18,1,0,0,0,0,0,0,0,10,0,0,0,0,0,1,0,0,0,0,0,0,0,0,0,0,0,0,0,0,0,0,0,0,0,0,0,0,0,0,0,0,0,0,0,0,0,0,0,0,0,0,0,1,0,0,0,0,0,0,0,0,0,0,0,0,1,0
2/13/20,48206,3,0,28,2,16,11,13,0,1241,1169,1145,0,9,0,1,968,910,872,1,0,0,28,509,175,570,529,451,395,366,19,0,315,0,265,15,279,0,222,7,0,229,0,1,58,0,0,156,0,0,157,0,135,53,3,119,90,126,0,0,117,0,0,0,33,3,0,0,0,0,0,8,84,63,64,61,0,2,0,18,16,0,0,0,0,0,0,0,0,0,0,0,0,0,0,0,0,0,0,0,0,0,0,0,0,0,0,0,0,0,0,18,1,0,0,0,0,0,0,0,10,0,0,0,0,0,1,0,0,0,0,0,0,0,0,0,0,0,0,0,0,0,0,0,0,0,0,0,0,0,0,0,0,0,0,0,0,0,0,0,0,0,0,0,1,0,0,0,0,0,0,0,0,0,0,0,0,1,0
2/14/20,54406,3,0,28,2,16,11,13,0,1261,1184,1155,0,9,0,1,988,934,900,1,0,0,29,523,218,593,537,463,419,372,19,0,318,0,283,15,281,0,226,7,0,230,0,1,67,0,0,162,0,0,159,0,140,56,3,120,90,127,0,0,119,0,0,0,33,3,0,1,0,0,0,8,86,65,67,65,0,2,0,18,16,0,0,0,0,0,0,0,0,0,0,0,0,0,0,0,0,0,0,0,0,0,0,0,0,0,0,0,0,0,0,18,1,0,0,0,0,0,0,0,10,0,0,0,0,0,1,0,0,0,0,0,0,0,0,0,0,0,0,0,0,0,0,0,0,0,0,0,0,0,0,0,0,0,0,0,0,0,0,0,0,0,0,0,1,0,0,0,0,0,0,0,0,0,0,0,0,1,0
2/15/20,56249,3,0,28,2,16,12,13,0,1294,1212,1162,0,9,0,1,1001,950,913,1,0,0,43,532,285,604,544,470,425,375,22,0,326,0,291,15,285,0,235,7,0,232,0,1,72,0,0,168,0,0,162,0,143,56,3,122,90,128,0,0,119,0,0,0,33,3,0,1,0,0,0,8,88,70,70,68,0,2,0,18,16,0,0,0,0,0,0,0,0,0,0,0,0,0,0,0,0,0,0,0,0,0,0,0,0,0,0,0,0,0,0,18,1,0,0,0,0,0,0,0,10,0,0,0,0,0,1,0,0,0,0,0,0,0,0,0,0,0,0,0,0,0,0,0,0,0,0,0,0,0,0,0,0,0,0,0,0,0,0,0,0,0,0,0,1,0,0,0,0,0,0,0,0,0,0,0,0,1,0
2/16/20,58182,3,0,29,2,16,12,13,0,1316,1231,1167,0,9,0,1,1004,962,925,1,0,0,59,537,355,617,551,481,445,380,22,0,328,0,300,15,287,0,237,7,0,236,0,1,75,0,0,171,0,0,162,0,144,57,3,124,90,129,0,0,121,0,0,0,34,3,0,1,0,0,0,9,89,71,70,70,0,2,0,20,16,0,0,0,0,0,0,0,0,0,0,0,0,0,0,0,0,0,0,0,0,0,0,0,0,0,0,0,0,0,0,18,1,0,0,0,0,0,0,0,10,0,0,0,0,0,1,0,0,0,0,0,0,0,0,0,0,0,0,0,0,0,0,0,0,0,0,0,0,0,0,0,0,0,0,0,0,0,0,0,0,0,0,0,1,0,0,0,0,0,0,0,0,0,0,0,0,1,0
2/17/20,59989,3,0,30,2,16,12,13,0,1322,1246,1171,0,9,0,1,1006,973,930,1,0,0,66,541,454,626,553,495,457,381,22,0,333,0,301,15,290,0,238,8,0,240,0,1,77,0,0,171,0,0,163,0,146,60,3,125,91,130,0,0,121,0,0,0,35,3,0,1,0,0,0,9,89,75,70,72,0,2,0,22,16,0,0,0,0,0,0,0,0,0,0,0,0,0,0,0,0,0,0,0,0,0,0,0,0,0,0,0,0,0,0,18,1,0,0,0,0,0,0,0,10,0,0,0,0,0,1,0,0,0,0,0,0,0,0,0,0,0,0,0,0,0,0,0,0,0,0,0,0,0,0,0,0,0,0,0,0,0,0,0,0,0,0,0,1,0,0,0,0,0,0,0,0,0,0,0,0,1,0
2/18/20,61682,3,0,31,2,16,12,13,0,1328,1257,1172,0,9,0,1,1007,982,933,1,0,0,74,543,542,629,555,508,464,387,22,0,333,0,306,15,292,0,242,8,0,240,0,1,81,0,0,172,0,0,163,0,146,62,3,128,91,131,0,0,121,0,0,0,35,3,0,1,0,0,0,9,89,76,70,73,0,2,0,22,16,0,0,0,0,0,0,0,0,0,0,0,0,0,0,0,0,0,0,0,0,0,0,0,0,0,0,0,0,0,0,18,1,0,0,0,0,0,0,0,10,0,0,0,0,0,1,0,0,0,0,0,0,0,0,0,0,0,0,0,0,0,0,0,0,0,0,0,0,0,0,0,0,0,0,0,0,0,0,0,0,0,0,0,1,0,0,0,0,0,0,0,0,0,0,0,0,1,0
2/19/20,62031,3,2,31,2,16,12,13,0,1331,1262,1174,0,9,0,1,1008,986,934,1,0,0,84,544,621,631,560,514,470,393,22,0,333,0,306,15,293,0,244,8,0,242,0,1,84,0,0,172,0,0,168,0,146,63,3,130,91,131,0,0,121,0,0,0,35,3,0,1,0,0,0,9,90,76,71,75,0,2,0,23,16,0,0,0,0,0,0,0,0,0,0,0,0,0,0,0,0,0,0,0,0,0,0,0,0,0,0,0,0,0,0,18,1,0,0,0,0,0,0,0,10,0,0,0,0,0,1,0,0,0,0,0,0,0,0,0,0,0,0,0,0,0,0,0,0,0,0,0,0,0,0,0,0,0,0,0,0,0,0,0,0,0,0,0,1,0,0,0,0,0,0,0,0,0,0,0,0,1,0
2/20/20,62442,3,5,104,2,16,12,13,0,1332,1265,1175,0,9,0,1,1010,987,934,1,0,0,94,546,634,631,567,520,476,395,22,0,334,0,307,15,293,0,245,8,0,245,0,1,84,0,0,174,0,0,168,0,146,68,3,131,91,132,0,0,121,0,0,0,35,3,0,1,0,0,0,9,91,76,71,75,0,2,0,24,16,0,0,0,0,0,0,0,0,0,0,0,0,0,0,0,0,0,0,0,0,0,0,0,0,0,0,0,0,0,0,18,1,0,0,0,0,0,0,0,10,0,0,0,0,0,1,0,0,0,0,0,0,0,0,0,0,0,0,0,0,0,0,0,0,0,0,0,0,0,0,0,0,0,0,0,0,0,0,0,0,0,0,0,1,0,0,0,0,0,0,0,0,0,0,0,0,1,0
2/21/20,62662,20,18,204,2,16,12,15,0,1333,1267,1203,0,9,0,1,1011,988,934,1,0,0,105,749,634,631,572,525,479,396,22,0,334,0,308,19,293,0,246,9,1,245,0,1,85,0,0,174,0,0,168,0,146,68,3,132,91,132,0,0,121,0,0,0,35,3,0,1,1,0,0,9,91,76,71,75,0,2,0,26,16,0,0,0,0,0,0,0,0,0,0,0,0,0,0,0,0,0,0,0,0,0,0,0,0,0,0,0,0,0,0,18,1,0,0,0,0,0,0,0,10,0,0,0,0,0,1,0,0,0,0,0,0,0,0,0,0,0,0,0,0,0,0,0,0,0,0,0,0,0,0,0,0,0,0,0,0,0,0,0,0,0,0,0,1,0,0,0,0,0,0,0,0,0,0,0,0,1,0
2/22/20,64084,62,28,433,2,16,12,15,0,1339,1270,1205,0,9,0,1,1013,989,934,1,0,0,122,750,634,631,573,526,479,399,22,0,335,0,309,22,293,0,249,9,1,245,0,1,85,0,0,174,0,0,168,0,146,69,3,135,91,132,0,0,121,0,0,0,35,3,0,1,1,0,0,13,91,76,71,75,0,2,0,26,16,0,0,0,0,0,0,0,0,0,0,0,0,0,0,0,0,0,0,0,0,0,0,0,0,0,0,0,0,0,0,18,1,0,0,0,0,0,0,0,10,0,0,0,0,0,1,0,0,0,0,0,0,0,0,0,0,0,0,0,0,0,0,0,0,0,0,0,0,0,0,0,0,0,0,0,0,0,0,0,0,0,0,0,1,0,0,0,0,0,0,0,0,0,0,0,0,1,0
2/23/20,64084,155,43,602,2,16,12,15,0,1342,1271,1205,0,9,0,1,1016,989,934,1,0,0,147,754,691,631,575,526,480,399,22,0,335,0,311,22,293,0,249,9,1,245,0,1,89,0,0,174,0,0,168,0,146,74,3,135,91,132,0,0,121,0,0,0,35,3,0,1,1,0,0,13,91,76,71,75,0,2,0,28,16,0,0,0,0,0,0,0,0,0,0,0,0,0,0,0,0,0,0,0,0,0,0,0,0,0,0,0,0,0,0,18,1,0,0,0,0,0,0,0,10,0,0,0,0,0,1,0,0,0,0,0,0,0,0,0,0,0,0,0,0,0,0,0,0,0,0,0,0,0,0,0,0,0,0,0,0,0,0,0,0,0,0,0,1,0,0,0,0,0,0,0,0,0,0,0,0,1,0
2/24/20,64287,229,61,833,2,16,12,51,0,1345,1271,1205,0,13,0,1,1016,989,934,1,0,0,159,755,691,631,576,527,480,399,22,0,335,0,311,22,293,0,251,10,1,245,0,1,89,0,1,174,0,0,168,0,146,79,3,135,91,133,0,0,121,0,0,1,35,3,1,1,1,0,0,13,93,76,71,75,0,2,0,30,16,0,0,0,0,0,0,0,0,0,0,0,0,0,0,0,0,0,0,0,0,0,0,0,0,0,0,0,2,0,0,18,1,1,0,0,0,0,0,0,10,0,0,0,0,0,1,0,0,0,0,0,0,0,0,0,0,0,0,0,0,0,0,0,0,0,0,0,0,0,0,0,0,0,0,0,0,0,0,0,0,0,0,0,1,0,0,0,0,0,0,0,0,0,0,0,0,1,0
2/25/20,64786,322,95,977,6,17,14,51,1,1347,1271,1205,0,13,0,1,1016,989,934,1,0,2,170,756,691,631,576,529,480,400,22,0,336,0,311,22,294,0,252,11,1,245,0,1,91,0,23,174,0,0,168,0,146,84,3,135,91,133,0,0,121,0,0,1,37,3,11,1,1,0,0,13,93,76,71,75,0,2,0,31,16,0,0,0,0,0,1,1,0,0,0,0,0,0,0,0,0,0,0,0,0,0,0,0,0,0,0,0,2,0,0,18,1,1,0,0,0,0,0,0,10,0,0,0,0,0,1,0,0,0,0,0,0,0,0,0,0,0,0,0,0,0,0,0,0,0,0,0,0,0,0,0,0,0,0,0,0,0,0,0,0,0,0,0,1,0,0,0,0,0,0,0,0,0,0,0,0,1,0
2/26/20,65187,453,139,1261,13,27,18,57,1,1347,1271,1205,1,13,0,2,1016,989,934,1,0,2,189,756,705,631,576,531,480,400,22,0,337,1,312,22,294,0,252,11,2,245,0,2,93,0,33,174,0,0,168,1,146,91,3,135,91,133,1,0,121,0,0,5,40,3,26,1,2,0,0,13,93,76,71,75,0,2,0,32,16,0,2,0,0,0,3,1,0,0,0,0,0,0,0,1,0,0,0,0,0,0,0,0,0,0,0,0,4,0,0,18,1,1,1,0,0,0,0,0,10,0,0,0,0,0,1,0,0,0,0,0,0,0,0,0,0,0,0,0,0,0,0,0,0,0,0,0,0,0,0,0,0,0,0,0,0,0,0,0,0,0,0,0,1,0,0,0,0,0,0,0,0,0,0,0,0,1,0
2/27/20,65596,655,245,1766,15,46,38,58,8,1347,1272,1205,1,15,1,7,1017,989,934,1,1,3,214,756,705,631,576,534,480,410,23,0,337,3,317,23,296,0,252,13,3,245,0,2,93,0,33,174,0,1,168,1,146,92,3,136,91,133,1,0,121,0,0,7,40,3,43,1,2,0,1,13,93,76,72,75,0,2,0,32,16,0,2,0,0,0,3,1,0,0,0,0,0,0,0,1,0,0,0,0,0,0,0,0,0,0,0,0,4,0,0,18,1,1,1,0,0,0,0,0,10,0,0,0,0,0,1,0,0,0,0,0,0,0,0,0,0,0,0,0,0,0,0,0,0,0,0,0,0,0,0,0,0,0,0,0,0,0,0,0,0,0,0,0,1,0,0,0,0,0,0,0,0,0,0,0,0,1,0
2/28/20,65914,888,388,2337,32,48,57,60,8,1348,1272,1205,6,20,1,7,1017,990,935,1,1,3,228,756,705,631,576,538,480,410,23,0,337,4,318,23,296,0,252,14,4,245,0,2,93,0,36,174,1,1,168,1,146,94,3,136,91,133,3,0,121,0,0,7,41,3,45,1,2,0,1,19,93,76,72,75,0,2,0,34,16,0,2,0,0,0,5,1,0,0,0,0,0,1,0,1,0,0,0,0,1,0,0,0,0,0,0,0,4,0,0,18,1,1,1,0,1,0,0,0,10,0,0,0,0,1,1,0,0,0,0,0,0,0,0,0,0,0,0,0,0,0,0,0,0,0,0,1,0,0,0,0,0,0,0,0,0,0,0,0,0,0,0,0,1,0,0,0,0,0,0,0,0,0,0,0,0,1,0
2/29/20,66337,1128,593,3150,45,79,100,68,18,1349,1272,1205,15,23,6,12,1018,990,935,1,3,9,241,756,705,631,576,538,480,411,25,1,337,4,318,25,296,0,252,20,7,245,0,3,102,0,41,174,1,1,168,2,146,95,3,136,91,133,3,1,121,0,0,13,42,3,45,1,4,0,1,21,93,76,73,75,0,2,1,39,16,0,4,0,0,0,6,1,0,0,0,0,0,4,0,1,0,0,0,0,1,0,0,0,0,0,0,0,6,0,0,18,1,1,1,0,1,0,0,0,10,0,0,0,0,1,1,0,0,0,0,0,0,0,0,0,0,0,0,0,0,0,0,0,0,0,0,1,0,1,0,0,0,0,0,0,0,0,0,0,0,0,0,0,1,0,0,0,0,0,0,0,0,0,0,0,0,1,0
3/1/20,66907,1694,978,3736,84,130,130,74,27,1349,1272,1205,19,36,10,14,1018,990,935,2,4,14,256,758,705,631,576,538,480,413,29,3,337,7,318,27,296,3,252,24,10,245,0,6,106,0,47,174,3,1,168,2,146,96,3,136,91,133,3,1,122,0,0,19,42,3,45,2,10,0,1,21,93,76,73,75,0,2,1,40,16,0,4,0,0,0,7,1,0,0,0,0,0,5,0,3,0,0,6,0,1,0,1,0,0,0,3,0,6,0,0,18,1,1,1,0,1,1,0,0,10,0,0,0,0,1,1,0,0,0,0,0,0,0,0,0,0,0,0,0,0,0,0,0,0,0,0,1,0,1,0,0,0,0,0,0,0,0,0,0,0,0,0,0,1,0,0,0,0,0,0,0,0,0,0,0,0,1,0
3/2/20,67103,2036,1501,4335,120,159,191,98,42,1350,1272,1206,25,40,18,15,1018,990,935,8,4,18,274,758,705,631,576,538,480,414,29,3,337,7,318,30,296,3,252,27,10,245,2,6,108,0,49,174,6,1,168,2,146,100,3,136,91,133,3,1,122,0,2,26,43,5,56,2,13,1,8,21,93,76,74,75,0,3,1,41,16,0,4,0,0,0,7,3,0,0,0,0,0,5,0,3,0,1,6,1,1,0,1,0,0,1,3,0,6,0,0,18,1,1,1,0,1,1,0,0,10,0,0,0,0,1,1,0,0,0,0,0,0,0,0,0,0,0,0,0,0,0,0,0,0,0,0,1,0,1,0,0,0,0,0,0,0,0,0,1,0,0,0,0,1,0,0,0,0,0,0,0,0,0,0,0,0,1,0
3/3/20,67217,2502,2336,5186,165,196,204,118,56,1350,1272,1213,32,51,24,21,1018,990,935,13,6,21,293,758,706,631,576,538,480,414,36,7,338,7,318,39,296,5,252,30,12,245,2,6,110,0,49,174,11,2,168,2,146,100,3,136,91,133,3,2,125,0,2,32,43,5,56,2,13,1,10,27,93,76,74,75,1,3,1,42,16,0,5,0,0,0,9,5,0,1,0,0,0,5,0,3,0,1,7,1,1,0,1,0,0,2,3,0,12,0,0,18,1,1,1,0,1,1,0,0,10,0,0,0,1,1,1,0,0,0,0,0,0,0,0,0,0,0,0,1,0,0,0,0,0,0,0,1,0,1,0,0,0,0,0,0,0,0,0,1,0,0,0,0,1,0,0,0,0,0,0,0,0,0,0,0,0,1,0
3/4/20,67332,3089,2922,5621,222,262,288,149,90,1350,1272,1213,56,86,38,35,1018,990,935,23,11,29,331,758,706,631,576,538,480,418,50,8,338,9,318,52,296,8,252,33,15,245,5,6,110,0,52,174,26,2,168,4,146,105,3,136,91,133,4,6,125,1,2,35,43,28,56,2,13,1,16,27,93,76,75,75,1,3,1,42,16,0,5,0,0,0,10,12,0,1,0,0,0,5,0,3,2,1,10,1,6,0,1,0,0,4,3,0,15,0,1,18,1,1,1,0,1,1,0,0,10,0,0,0,1,3,1,0,0,0,0,0,0,1,0,0,0,0,0,1,0,0,0,0,0,0,0,1,0,1,0,0,0,0,0,0,0,0,0,1,0,0,0,0,1,0,0,0,0,0,0,0,0,0,0,0,0,1,0
3/5/20,67466,3858,3513,6088,259,482,380,217,114,1351,1272,1215,87,116,82,94,1018,990,935,50,11,41,360,758,706,631,576,539,481,418,50,8,339,31,318,55,296,12,252,37,20,245,8,12,117,2,55,174,34,3,168,4,146,105,3,136,102,133,6,6,125,1,2,35,47,30,58,3,16,5,21,29,93,76,75,75,4,4,1,44,16,0,5,0,1,0,10,12,0,1,0,0,0,5,0,4,2,1,13,2,6,0,1,0,2,4,6,0,16,0,1,18,1,1,1,0,1,1,0,0,10,0,0,0,1,3,1,0,0,0,0,0,0,1,0,0,0,0,0,1,0,0,0,0,0,0,0,1,0,1,0,0,0,0,0,0,0,0,0,1,0,0,0,0,1,0,0,0,0,0,0,0,0,0,0,0,0,1,0
3/6/20,67592,4636,4747,6593,400,670,656,262,214,1352,1272,1215,108,164,128,101,1018,990,935,109,24,55,420,758,696,631,576,539,481,422,83,8,342,45,318,60,296,18,252,49,37,245,13,15,130,7,60,174,43,10,168,13,146,107,5,136,119,133,9,18,125,5,4,40,48,31,58,15,22,5,21,29,93,76,75,75,4,13,2,45,16,1,6,0,1,0,11,17,1,2,0,1,0,6,1,4,2,1,13,2,6,1,1,0,2,4,6,0,16,0,1,18,1,1,3,0,1,2,0,0,10,0,0,0,1,4,1,0,0,0,0,0,0,1,0,0,0,0,0,1,0,0,1,0,0,0,0,1,0,1,0,0,0,0,0,1,0,0,0,1,0,1,0,0,1,0,0,0,0,0,0,0,0,0,1,0,0,1,0
3/7/20,67666,5883,5823,7041,500,799,957,402,268,1352,1272,1215,147,207,188,161,1018,990,935,169,24,79,461,758,696,631,576,539,481,426,93,8,342,46,318,63,296,19,252,54,43,245,20,15,138,7,85,174,50,10,168,13,146,108,6,136,120,133,9,18,125,5,4,54,50,34,61,15,22,5,23,45,93,76,75,75,4,13,2,45,18,1,6,0,1,0,12,17,1,8,0,1,0,6,1,4,4,1,13,2,6,1,1,0,3,4,9,0,16,3,1,18,1,1,3,0,1,2,0,0,10,0,0,2,1,5,1,0,0,0,0,0,0,1,0,0,0,0,0,1,0,0,1,0,0,0,0,1,0,1,0,0,0,0,0,1,0,0,0,1,0,1,0,0,1,0,0,0,0,0,0,0,0,0,1,0,0,1,0
3/8/20,67707,7375,6566,7314,673,1040,1134,518,337,1352,1272,1215,176,274,265,203,1018,990,935,200,37,104,502,758,696,631,576,539,481,428,99,15,342,73,318,76,296,31,252,64,61,245,30,23,150,16,85,174,50,10,168,20,146,114,10,136,124,133,15,19,125,11,6,60,50,39,64,49,32,11,36,45,93,76,75,75,8,17,3,45,30,3,6,4,3,0,12,19,1,12,0,6,0,7,1,13,7,2,14,2,6,5,1,0,3,4,9,1,16,3,2,18,1,4,3,4,1,5,0,0,10,0,0,2,1,5,2,0,0,0,1,3,0,1,0,0,0,0,0,1,0,0,2,0,0,0,0,1,0,1,0,0,0,0,0,1,0,0,0,1,0,1,0,0,1,0,0,0,0,0,0,0,0,0,1,0,0,1,0
3/9/20,67743,9172,7161,7478,1073,1176,1217,583,374,1352,1272,1215,205,322,321,248,1018,990,935,239,92,131,511,758,696,631,576,539,481,428,117,18,342,73,318,91,296,31,252,77,61,245,30,30,150,16,95,174,58,10,168,25,146,115,20,136,124,133,15,21,125,16,19,60,50,43,64,55,32,15,36,45,93,76,75,75,8,17,3,45,30,3,6,4,3,1,12,20,1,12,0,7,2,7,1,15,9,6,15,2,6,9,1,2,3,4,9,1,16,3,2,18,1,4,3,4,1,5,0,0,10,0,0,2,1,5,2,0,0,0,1,3,0,1,0,0,0,0,0,1,0,0,2,0,0,0,0,2,0,1,0,0,0,0,0,1,0,0,0,1,0,1,0,0,1,0,0,0,0,0,0,0,0,0,1,0,0,1,0
3/10/20,67760,10149,8042,7513,1695,1457,1792,959,491,1353,1272,1215,400,384,382,355,1018,990,935,267,264,182,581,758,696,631,576,539,481,429,129,24,344,89,318,107,296,41,252,79,83,245,41,40,160,31,110,174,69,12,168,31,146,120,33,136,125,133,25,34,125,22,27,71,53,56,69,59,41,20,51,74,93,76,75,75,13,20,5,47,31,7,16,4,7,1,14,20,5,17,1,11,10,7,3,15,9,8,15,3,9,9,1,3,5,4,11,3,18,5,5,18,1,5,7,6,1,5,0,0,10,0,0,2,1,5,2,0,0,0,1,3,0,1,0,0,0,0,1,1,0,0,2,0,0,0,0,2,0,1,0,0,0,0,0,1,0,0,0,1,0,1,0,0,1,0,0,0,0,0,0,0,0,0,1,0,1,1,0
3/11/20,67773,12462,9000,7755,2277,1908,2289,1281,652,1356,1273,1215,598,459,503,500,1018,990,935,314,444,246,639,760,696,631,576,539,482,435,149,262,344,99,318,128,296,91,252,108,109,245,59,59,178,57,195,174,85,16,168,38,146,126,49,136,127,133,45,43,125,31,34,71,59,62,72,60,61,21,62,74,93,76,75,75,23,20,7,48,38,10,19,7,13,11,19,20,12,19,8,11,12,8,9,24,13,10,17,5,9,13,1,6,7,4,11,3,18,6,7,18,2,7,7,8,3,5,2,0,10,1,0,3,1,5,3,1,0,1,5,3,0,1,0,0,0,2,2,1,0,0,2,0,0,0,1,2,0,1,0,0,0,0,0,1,0,0,0,1,0,1,0,0,1,0,1,0,0,0,0,0,0,0,1,0,1,1,0
3/12/20,67781,12462,10075,7869,2277,2078,2289,1663,652,1356,1273,1215,702,459,503,599,1018,990,935,314,617,302,639,760,696,631,576,539,482,435,149,262,344,99,318,128,296,94,252,117,131,245,59,59,178,89,195,174,103,16,168,52,146,129,52,136,127,133,49,43,125,49,34,71,70,73,80,67,61,45,69,85,93,76,75,75,23,28,19,49,39,16,20,7,17,11,19,24,19,19,11,15,23,12,9,24,13,10,17,6,12,22,4,6,11,4,11,3,18,6,7,18,2,7,7,8,3,5,2,0,10,2,0,3,1,5,3,1,0,1,5,3,3,1,1,0,0,2,2,1,0,0,2,0,0,0,1,2,0,2,0,0,0,0,0,1,0,0,0,1,0,1,0,0,1,0,1,0,0,0,0,0,0,0,1,0,1,1,0
3/13/20,67786,17660,11364,7979,5232,3675,3672,2179,1139,1356,1273,1215,996,801,804,814,1018,990,935,559,804,504,701,760,696,631,576,539,482,436,197,320,346,190,318,200,296,141,252,193,161,245,112,155,200,141,189,174,134,79,168,151,146,134,64,136,127,133,89,90,125,68,69,101,75,82,80,80,77,86,80,85,93,76,75,75,43,45,34,50,47,32,28,23,24,37,32,26,35,31,27,28,33,12,13,25,19,17,17,7,27,23,8,14,13,10,15,6,19,12,16,18,6,7,14,9,6,5,3,0,10,8,4,3,1,5,5,5,0,5,6,3,4,1,1,0,1,2,2,3,1,0,2,2,0,0,2,2,0,2,0,0,1,0,0,1,0,0,0,1,1,1,1,0,1,0,1,0,0,0,1,0,0,1,1,0,1,1,0
3/14/20,67790,21157,12729,8086,6391,4585,4480,2727,1359,1356,1273,1227,1090,1143,959,961,1018,990,935,689,836,655,773,760,696,631,576,539,482,437,238,337,353,228,318,250,296,189,252,198,193,245,169,225,212,181,210,174,156,115,168,151,146,140,111,136,129,133,123,129,125,103,96,110,82,102,104,109,93,103,80,85,93,76,75,75,61,59,51,53,53,44,31,41,38,40,38,37,46,34,36,38,38,26,22,30,30,26,28,17,27,26,18,26,18,10,15,12,19,18,18,18,10,11,14,10,8,11,10,2,10,8,6,9,1,6,7,6,3,5,6,3,4,4,1,4,1,2,2,3,1,1,2,2,2,2,2,2,2,2,2,0,1,0,1,1,1,1,1,1,1,1,1,0,1,0,1,1,0,1,1,1,1,1,1,1,1,1,0
3/15/20,67794,24747,13938,8162,7798,5795,4513,3499,2200,1360,1273,1231,1221,1144,1135,1022,1018,990,935,886,875,860,839,760,696,631,576,539,482,442,428,401,353,331,318,297,296,253,252,252,251,245,245,244,226,219,214,174,171,171,168,162,146,145,140,136,133,133,131,129,125,119,117,116,114,113,112,110,110,103,101,98,93,76,75,75,74,63,59,59,56,54,53,51,51,50,49,48,48,45,43,43,42,41,34,33,32,30,28,28,27,27,26,26,24,24,23,23,22,21,18,18,18,16,14,13,12,11,10,10,10,10,9,9,8,8,7,7,6,6,6,5,4,4,4,4,3,3,3,3,3,2,2,2,2,2,2,2,2,2,2,2,1,1,1,1,1,1,1,1,1,1,1,1,1,1,1,1,1,1,1,1,1,1,1,1,1,1,0
